{
  "num_iter": 200000,
   "transformations":[
      {
         "linear_transformation_matrix":[
          0.824074, 0.281482, -0.212346,  0.864198
         ],
         "translation_vector":[
          -1.882290, -0.110607
         ],
         "probability":0.787473
      },
      {
         "linear_transformation_matrix":[
            0.088272, 0.520988, -0.463889, -0.377778
         ],
         "translation_vector":[
            0.785360, 8.095795
         ],
         "probability":0.212527
      }
   ]
}
